SET NAMES UTF8;
DROP DATABASE IF EXISTS jj;
CREATE DATABASE jj CHARSET=UTF8;
USE jj;
/**用户信息**/
CREATE TABLE jj_user(
  uid INT PRIMARY KEY AUTO_INCREMENT,
  uname VARCHAR(32),
  upwd VARCHAR(32),
  email VARCHAR(64),
  phone VARCHAR(16),
  avatar VARCHAR(128),        #头像图片路径
  user_name VARCHAR(32),      #用户名，如王小明
  gender INT                  #性别  0-女  1-男
);
/**用户信息**/
INSERT INTO jj_user VALUES
(NULL, '15612345678', '123456', 'ding@qq.com', '13501234567', 'img/avatar/default.png', '丁伟', '1'),
(NULL, 'dangdang', '123456', 'dang@qq.com', '13501234568', 'img/avatar/default.png', '林当', '1'),
(NULL, 'doudou', '123456', 'dou@qq.com', '13501234569', 'img/avatar/default.png', '窦志强', '1'),
(NULL, 'yaya', '123456', 'ya@qq.com', '13501234560', 'img/avatar/default.png', '秦小雅', '0');
/**商品**/
CREATE TABLE jj_laptop(
  lid INT PRIMARY KEY AUTO_INCREMENT,
  title VARCHAR(128),         #主标题
  subtitle VARCHAR(128),      #副标题
  pic VARCHAR(128),    #图片detail
  price DECIMAL(10,2),        #价格
  yue INT,    #月销量
  ping INT,      #累计评价
  ji INT,       #送天猫积分
  a VARCHAR(128), 
  b VARCHAR(128),
  c VARCHAR(128),
  d VARCHAR(128)
);
INSERT INTO jj_laptop VALUES
(1,'特洛Tello 益智无人机 遥控飞机 迷你 高清航拍 大疆飞控技术','DJI 大疆飞控技术，英特尔高性能处理器','img/product/detail/wute100.jpg',699,758,526,349,'img/product/abcd/wute100a.jpg','img/product/abcd/wute100b.jpg','img/product/abcd/wute100c.jpg','img/product/abcd/wute100d.jpg'),
(2,'智能GPS定位返航专业无人机高清航拍遥控飞机跟随四轴飞行器航模','高清航拍GPS双模定位','img/product/detail/wute101.jpg',2116,826,633,1058,'img/product/abcd/wute101a.jpg','img/product/abcd/wute101b.jpg','img/product/abcd/wute101c.jpg','img/product/abcd/wute101d.jpg'),
(3,'专业大型婚庆四轴飞行器4K高清航拍智能无人机gps无刷遥控飞机','无人机领域的创新之举','img/product/detail/wute102.jpg',1688,564,783,958,'img/product/abcd/wute102a.jpg','img/product/abcd/wute102b.jpg','img/product/abcd/wute102c.jpg','img/product/abcd/wute102d.jpg'),
(4,'四轴无人机高清航拍专业飞行器GPS智能跟随返航定高遥控飞机悬停','定位精准带有智能一键返航、悬停、跟随拍摄','img/product/detail/wute103.jpg',1288,584,496,868,'img/product/abcd/wute103a.jpg','img/product/abcd/wute103b.jpg','img/product/abcd/wute103c.jpg','img/product/abcd/wute103d.jpg'),
(5,'无人机航拍四轴飞行器高清成人专业超长续航智能遥控飞机户外远程','专业 高清 航拍 实时传输','img/product/detail/wute104.jpg',1888,1004,963,1269,'img/product/abcd/wute104a.jpg','img/product/abcd/wute104b.jpg','img/product/abcd/wute104c.jpg','img/product/abcd/wute104d.jpg'),
(6,'无人机航拍高清专业折叠四轴飞行器智能遥摇控飞机直升机玩具航模','【专业实时航拍无人机】折叠定高悬停','img/product/detail/wute105.jpg',328,802,990,164,'img/product/abcd/wute105a.jpg','img/product/abcd/wute105b.jpg','img/product/abcd/wute105c.jpg','img/product/abcd/wute105d.jpg'),
(7,'【大型】折叠无人机航拍飞行器高清四轴专业儿童直升遥控飞机玩具','【便携折叠】【定高航拍】【玩法多样】','img/product/detail/wute106.jpg',148,2805,2079,74,'img/product/abcd/wute106a.jpg','img/product/abcd/wute106b.jpg','img/product/abcd/wute106c.jpg','img/product/abcd/wute106d.jpg'),
(8,'专业高清 遥控飞机玩具无人机航拍飞行器四轴充电儿童直升机航模','200万超清航拍 60分钟超长续航','img/product/detail/wute107.jpg',379,5438,4565,189,'img/product/abcd/wute107a.jpg','img/product/abcd/wute107b.jpg','img/product/abcd/wute107c.jpg','img/product/abcd/wute107d.jpg'),
(9,'优迪无人机航拍飞行器迷你专业高清遥控航模折叠大江口袋玩具飞机','折叠款高清实时FPV航拍无人机','img/product/detail/wute108.jpg',268,127,1453,134,'img/product/abcd/wute108a.jpg','img/product/abcd/wute108b.jpg','img/product/abcd/wute108c.jpg','img/product/abcd/wute108d.jpg'),
(10,'美嘉欣电动 遥控飞机四轴飞行器高清实时航拍儿童玩具智能 无人机','四轴超大，定高悬停，实时航拍','img/product/detail/wute109.jpg',258,148,7154,129,'img/product/abcd/wute109a.jpg','img/product/abcd/wute109b.jpg','img/product/abcd/wute109c.jpg','img/product/abcd/wute109d.jpg'),
(11,'华为B3智能手环运动电话手表蓝牙穿戴耳机防水计步安卓苹果男女','智能提醒 睡眠监测 蓝牙通话 计步','img/product/detail/zhi101.jpg',899,1551,9395,89,'img/product/abcd/zhi101a.jpg','img/product/abcd/zhi101b.jpg','img/product/abcd/zhi101c.jpg','img/product/abcd/zhi101d.jpg'),
(12,'华为B3智能运动手环手表蓝牙耳机通电话记步器跑防水安卓苹果男女','蓝牙通话运动 睡眠监测 健康生活商务伴侣','img/product/detail/zhi102.jpg',899,1303,13371,89,'img/product/abcd/zhi102a.jpg','img/product/abcd/zhi102b.jpg','img/product/abcd/zhi102c.jpg','img/product/abcd/zhi102d.jpg'),
(13,'【最高直降150】Huawei/华为 WATCH 2智能防水运动手表 4G/蓝牙版','3.14-15 爆款直降 防尘防水','img/product/detail/zhi103.jpg',1888,583,625,188,'img/product/abcd/zhi103a.jpg','img/product/abcd/zhi103b.jpg','img/product/abcd/zhi103c.jpg','img/product/abcd/zhi103d.jpg'),
(14,'华为智能运动手环手表游泳防水测心率睡眠蓝牙GPS计步器安卓男女','原装正品 送备用表带+贴膜','img/product/detail/zhi104.jpg',358,1013,268,35,'img/product/abcd/zhi104a.jpg','img/product/abcd/zhi104b.jpg','img/product/abcd/zhi104c.jpg','img/product/abcd/zhi104d.jpg'),
(15,'小天才电话手表Y03快充防水版儿童定位智能手表手环学生手机','直降100元 送卡通水杯 支持快充','img/product/detail/zhi105.jpg',898,1644,16506,89,'img/product/abcd/zhi105a.jpg','img/product/abcd/zhi105b.jpg','img/product/abcd/zhi105c.jpg','img/product/abcd/zhi105d.jpg'),
(16,'TicWatch2悦动智能手表 蓝牙通话运动支持安卓苹果心率定位手环','黑色轻质铝表头配 黑色运动表带 悦动白尊享礼盒','img/product/detail/zhi106.jpg',999,2119,10117,99,'img/product/abcd/zhi106a.jpg','img/product/abcd/zhi106b.jpg','img/product/abcd/zhi106c.jpg','img/product/abcd/zhi106d.jpg'),
(17,'TicWatch2经典智能成人电话手表 独立通话支付 支持安卓苹果IOS','独立通话 NFC版可刷公交地铁','img/product/detail/zhi107.jpg',1899,2954,5588,189,'img/product/abcd/zhi107a.jpg','img/product/abcd/zhi107b.jpg','img/product/abcd/zhi107c.jpg','img/product/abcd/zhi107d.jpg'),
(18,'三星Gear S3原装蓝牙智能通话手表安卓男S8防水运动定位心率NOTE8','12期免息送耳机充电器到手2499','img/product/detail/zhi108.jpg',2799,1899,1684,839,'img/product/abcd/zhi108a.jpg','img/product/abcd/zhi108b.jpg','img/product/abcd/zhi108c.jpg','img/product/abcd/zhi108d.jpg'),
(19,'AMAZFIT智能运动手表GPS华米米动多功能户外跑步安卓苹果男女手环','陶瓷表圈 蓝牙听歌 0首付分期免息','img/product/detail/zhi109.jpg',729,888,16067,72,'img/product/abcd/zhi109a.jpg','img/product/abcd/zhi109b.jpg','img/product/abcd/zhi109c.jpg','img/product/abcd/zhi109d.jpg'),
(20,'17款Apple Watch Series3苹果智能手表 watch3运动手环通话手表','正品国行 全国联保 假一赔三','img/product/detail/zhi110.jpg',3388,547,1162,338,'img/product/abcd/zhi110a.jpg','img/product/abcd/zhi110b.jpg','img/product/abcd/zhi110c.jpg','img/product/abcd/zhi110d.jpg'),
(21,'龙吟TT智能电动双轮平衡车代步车两轮思维车越野自体感车成人儿童','送人寿保险 SUV越野 续航50公里','img/product/detail/ping101.jpg',1199,673,13246,599,'img/product/abcd/ping101a.jpg','img/product/abcd/ping101b.jpg','img/product/abcd/ping101c.jpg','img/product/abcd/ping101d.jpg'),
(22,'领奥迷你型电动自平衡车双轮成人智能体感思维车代步车儿童两轮','app遥控 一车多用','img/product/detail/ping102.jpg',1598,1744,1966,799,'img/product/abcd/ping102a.jpg','img/product/abcd/ping102b.jpg','img/product/abcd/ping102c.jpg','img/product/abcd/ping102d.jpg'),
(23,'阿尔郎维胜达 电动代步平衡车智能体感成人两轮车儿童双轮漂移','智能代步 就选阿尔郎','img/product/detail/ping103.jpg',699,2697,1698,349,'img/product/abcd/ping103a.jpg','img/product/abcd/ping103b.jpg','img/product/abcd/ping103c.jpg','img/product/abcd/ping103d.jpg'),
(24,'【6期免息】小米九号平衡车智能体感 电动蓝牙骑行遥控代步车双轮','送359元保险','img/product/detail/ping104.jpg',1999,5413,24424,199,'img/product/abcd/ping104a.jpg','img/product/abcd/ping104b.jpg','img/product/abcd/ping104c.jpg','img/product/abcd/ping104d.jpg'),
(25,'傲凤平衡车儿童 双轮电动体感车成人越野带扶杆智能平衡车代步车','【3.8女王节 联系客服领大额优惠券】','img/product/detail/ping105.jpg',998,595,939,499,'img/product/abcd/ping105a.jpg','img/product/abcd/ping105b.jpg','img/product/abcd/ping105c.jpg','img/product/abcd/ping105d.jpg'),
(26,'【6期免息】小米九号平衡车Plus双轮体感代步车 智能漂移蓝牙遥控','6期分期免息 可拓展云台相机','img/product/detail/ping106.jpg',3509,1256,15642,350,'img/product/abcd/ping106a.jpg','img/product/abcd/ping106b.jpg','img/product/abcd/ping106c.jpg','img/product/abcd/ping106d.jpg'),
(27,'锂享儿童平衡车双轮成人越野代步车两轮智能体感思维车电动带扶杆','上市时间: 2014年夏季','img/product/detail/ping107.jpg',1999,468,564,999,'img/product/abcd/ping107a.jpg','img/product/abcd/ping107b.jpg','img/product/abcd/ping107c.jpg','img/product/abcd/ping107d.jpg'),
(28,'傲凤 平衡车儿童智能扭扭车两轮电动平衡车双轮成人代步车思维车','【3.8女王节 联系客服领大额优惠券】','img/product/detail/ping108.jpg',2900,263,369,1450,'img/product/abcd/ping108a.jpg','img/product/abcd/ping108b.jpg','img/product/abcd/ping108c.jpg','img/product/abcd/ping108d.jpg'),
(29,'Bremer平衡车儿童两轮电动扭扭车双轮成人智能体感思维车代步车','专利产品智能升级 多项安全保障','img/product/detail/ping109.jpg',2599,365,1532,1229,'img/product/abcd/ping109a.jpg','img/product/abcd/ping109b.jpg','img/product/abcd/ping109c.jpg','img/product/abcd/ping109d.jpg'),
(30,'17寸电动独轮摩托车智能平衡车火星车漂移车思维体感车娱乐代步车','品牌名称：都市爬虫','img/product/detail/ping109.jpg',4480,42,100,2240,'img/product/abcd/ping110a.jpg','img/product/abcd/ping110b.jpg','img/product/abcd/ping110c.jpg','img/product/abcd/ping110d.jpg'),
(31,'GOOVIS高清VR眼镜一体机4K移动影院3D视频眼镜智能头戴显示器新款','800吋超清索尼屏 看不到任何颗粒晶格','img/product/detail/vr101.jpg',6399,21,1152,639,'img/product/abcd/vr101a.jpg','img/product/abcd/vr101b.jpg','img/product/abcd/vr101c.jpg','img/product/abcd/vr101d.jpg'),
(32,'【官方旗舰店】HTC VIVE虚拟现实头盔vr游戏智能眼镜3d高端头显','新品Vive Focus 请咨询在线客服','img/product/detail/vr102.jpg',5488,12,364,548,'img/product/abcd/vr102a.jpg','img/product/abcd/vr102b.jpg','img/product/abcd/vr102c.jpg','img/product/abcd/vr102d.jpg'),
(33,'GOOVIS酷睿视G2高清VR一体机3D头戴显示器智能视频眼镜4K级影院','超清无颗粒可外接电脑游戏机手机','img/product/detail/vr103.jpg',5099,94,144,509,'img/product/abcd/vr103a.jpg','img/product/abcd/vr103b.jpg','img/product/abcd/vr103c.jpg','img/product/abcd/vr103d.jpg'),
(34,'DPVR大朋 E3定位套装 VR眼镜虚拟现实智能眼镜VR游戏3d头盔','多人交互体验 支持SteamVR游戏','img/product/detail/vr104.jpg',4999,54,297,499,'img/product/abcd/vr104a.jpg','img/product/abcd/vr104b.jpg','img/product/abcd/vr104c.jpg','img/product/abcd/vr104d.jpg'),
(35,'DPVR大朋 M2 Pro VR眼镜头戴式 智能虚拟现实3D影院vr眼镜','1万部高清片源 IMAX观影一体机','img/product/detail/vr105.jpg',2799,111,685,329,'img/product/abcd/vr105a.jpg','img/product/abcd/vr105b.jpg','img/product/abcd/vr105c.jpg','img/product/abcd/vr105d.jpg'),
(36,'pimax小派4k vr眼镜超越一体机虚拟现实vr眼睛智能3D头盔ar电脑vr','领券更优惠 尽享免息 3期/6期/12期','img/product/detail/vr106.jpg',2999,182,267,299,'img/product/abcd/vr107a.jpg','img/product/abcd/vr106b.jpg','img/product/abcd/vr106c.jpg','img/product/abcd/vr106d.jpg'),
(37,'【品牌官网】Sony/索尼虚拟现实头戴设备PS VR 精品套装 特价套装','国行正品 全国联保','img/product/detail/vr107.jpg',2899,182,957,569,'img/product/abcd/vr107a.jpg','img/product/abcd/vr107b.jpg','img/product/abcd/vr107c.jpg','img/product/abcd/vr107d.jpg'),
(38,'【4K影院】嗨镜H2智能视频3D眼镜全景头戴式头盔VR一体机虚拟现实','800寸4K巨幕 看不出任何颗粒感','img/product/detail/vr108.jpg',4399,157,688,739,'img/product/abcd/vr108a.jpg','img/product/abcd/vr108b.jpg','img/product/abcd/vr108c.jpg','img/product/abcd/vr108d.jpg'),
(39,'【赠66个应用】个人版HTC VIVE虚拟现实头盔VR眼镜头戴式VR','6期免息 领券赠支架保护套防护膜','img/product/detail/vr109.jpg',5488,32,288,548,'img/product/abcd/vr109a.jpg','img/product/abcd/vr109b.jpg','img/product/abcd/vr109c.jpg','img/product/abcd/vr109d.jpg'),
(40,'【天猫电器城】HTC VIVE虚拟现实头盔vr游戏智能眼镜高端头显','菜鸟配送 赠安装U盘 基站支架 保护套','img/product/detail/vr110.jpg',5488,18,91,548,'img/product/abcd/vr110a.jpg','img/product/abcd/vr110b.jpg','img/product/abcd/vr110c.jpg','img/product/abcd/vr110d.jpg');
/**家家图片**/
CREATE TABLE jj_laptop_pic(
  pid INT PRIMARY KEY AUTO_INCREMENT,
  lid INT,              #无人机编号
  sm VARCHAR(128),            #小图片路径
  md VARCHAR(128),            #中图片路径
  lg VARCHAR(128)             #大图片路径
);
INSERT INTO jj_laptop_pic VALUES
(NULL, 1, 'img/product/sm/wute100 01.jpg', 'img/product/md/wute100 01.jpg', 'img/product/lg/wute10001.jpg'),
(NULL, 1, 'img/product/sm/wute100 02.jpg', 'img/product/md/wute100 02.jpg', 'img/product/lg/wute10002.jpg'),
(NULL, 1, 'img/product/sm/wute100 03.jpg', 'img/product/md/wute100 03.jpg', 'img/product/lg/wute10003.jpg'),
(NULL, 1, 'img/product/sm/wute100 04.jpg', 'img/product/md/wute100 04.jpg', 'img/product/lg/wute10004.jpg'),
(NULL, 1, 'img/product/sm/wute100 05.jpg', 'img/product/md/wute100 05.jpg', 'img/product/lg/wute10005.jpg'),
(NULL, 2, 'img/product/sm/wute101 01.jpg', 'img/product/md/wute101 01.jpg', 'img/product/lg/wute10101.jpg'),
(NULL, 2, 'img/product/sm/wute101 02.jpg', 'img/product/md/wute101 02.jpg', 'img/product/lg/wute10102.jpg'),
(NULL, 2, 'img/product/sm/wute101 03.jpg', 'img/product/md/wute101 03.jpg', 'img/product/lg/wute10103.jpg'),
(NULL, 2, 'img/product/sm/wute101 04.jpg', 'img/product/md/wute101 04.jpg', 'img/product/lg/wute10104.jpg'),
(NULL, 2, 'img/product/sm/wute101 05.jpg', 'img/product/md/wute101 05.jpg', 'img/product/lg/wute10105.jpg'),
(NULL, 3, 'img/product/sm/wute102 01.jpg', 'img/product/md/wute102 01.jpg', 'img/product/lg/wute10201.jpg'),
(NULL, 3, 'img/product/sm/wute102 02.jpg', 'img/product/md/wute102 02.jpg', 'img/product/lg/wute10202.jpg'),
(NULL, 3, 'img/product/sm/wute102 03.jpg', 'img/product/md/wute102 03.jpg', 'img/product/lg/wute10203.jpg'),
(NULL, 3, 'img/product/sm/wute102 04.jpg', 'img/product/md/wute102 04.jpg', 'img/product/lg/wute10204.jpg'),
(NULL, 3, 'img/product/sm/wute102 05.jpg', 'img/product/md/wute102 05.jpg', 'img/product/lg/wute10205.jpg'),
(NULL, 4, 'img/product/sm/wute103 01.jpg', 'img/product/md/wute103 01.jpg', 'img/product/lg/wute10301.jpg'),
(NULL, 4, 'img/product/sm/wute103 02.jpg', 'img/product/md/wute103 02.jpg', 'img/product/lg/wute10302.jpg'),
(NULL, 4, 'img/product/sm/wute103 03.jpg', 'img/product/md/wute103 03.jpg', 'img/product/lg/wute10303.jpg'),
(NULL, 4, 'img/product/sm/wute103 04.jpg', 'img/product/md/wute103 04.jpg', 'img/product/lg/wute10304.jpg'),
(NULL, 4, 'img/product/sm/wute103 05.jpg', 'img/product/md/wute103 05.jpg', 'img/product/lg/wute10305.jpg'),
(NULL, 5, 'img/product/sm/wute104 01.jpg', 'img/product/md/wute104 01.jpg', 'img/product/lg/wute10401.jpg'),
(NULL, 5, 'img/product/sm/wute104 02.jpg', 'img/product/md/wute104 02.jpg', 'img/product/lg/wute10402.jpg'),
(NULL, 5, 'img/product/sm/wute104 03.jpg', 'img/product/md/wute104 03.jpg', 'img/product/lg/wute10403.jpg'),
(NULL, 5, 'img/product/sm/wute104 04.jpg', 'img/product/md/wute104 04.jpg', 'img/product/lg/wute10404.jpg'),
(NULL, 5, 'img/product/sm/wute104 05.jpg', 'img/product/md/wute104 05.jpg', 'img/product/lg/wute10405.jpg'),
(NULL, 6, 'img/product/sm/wute105 01.jpg', 'img/product/md/wute105 01.jpg', 'img/product/lg/wute10501.jpg'),
(NULL, 6, 'img/product/sm/wute105 02.jpg', 'img/product/md/wute105 02.jpg', 'img/product/lg/wute10502.jpg'),
(NULL, 6, 'img/product/sm/wute105 03.jpg', 'img/product/md/wute105 03.jpg', 'img/product/lg/wute10503.jpg'),
(NULL, 6, 'img/product/sm/wute105 04.jpg', 'img/product/md/wute105 04.jpg', 'img/product/lg/wute10504.jpg'),
(NULL, 6, 'img/product/sm/wute105 05.jpg', 'img/product/md/wute105 05.jpg', 'img/product/lg/wute10505.jpg'),
(NULL, 7, 'img/product/sm/wute106 01.jpg', 'img/product/md/wute106 01.jpg', 'img/product/lg/wute10601.jpg'),
(NULL, 7, 'img/product/sm/wute106 02.jpg', 'img/product/md/wute106 02.jpg', 'img/product/lg/wute10602.jpg'),
(NULL, 7, 'img/product/sm/wute106 03.jpg', 'img/product/md/wute106 03.jpg', 'img/product/lg/wute10603.jpg'),
(NULL, 7, 'img/product/sm/wute106 04.jpg', 'img/product/md/wute106 04.jpg', 'img/product/lg/wute10604.jpg'),
(NULL, 7, 'img/product/sm/wute106 05.jpg', 'img/product/md/wute106 05.jpg', 'img/product/lg/wute10605.jpg'),
(NULL, 8, 'img/product/sm/wute107 01.jpg', 'img/product/md/wute107 01.jpg', 'img/product/lg/wute10701.jpg'),
(NULL, 8, 'img/product/sm/wute107 02.jpg', 'img/product/md/wute107 02.jpg', 'img/product/lg/wute10702.jpg'),
(NULL, 8, 'img/product/sm/wute107 03.jpg', 'img/product/md/wute107 03.jpg', 'img/product/lg/wute10703.jpg'),
(NULL, 8, 'img/product/sm/wute107 04.jpg', 'img/product/md/wute107 04.jpg', 'img/product/lg/wute10704.jpg'),
(NULL, 8, 'img/product/sm/wute107 05.jpg', 'img/product/md/wute107 05.jpg', 'img/product/lg/wute10705.jpg'),
(NULL, 9, 'img/product/sm/wute108 01.jpg', 'img/product/md/wute108 01.jpg', 'img/product/lg/wute10801.jpg'),
(NULL, 9, 'img/product/sm/wute108 02.jpg', 'img/product/md/wute108 02.jpg', 'img/product/lg/wute10802.jpg'),
(NULL, 9, 'img/product/sm/wute108 03.jpg', 'img/product/md/wute108 03.jpg', 'img/product/lg/wute10803.jpg'),
(NULL, 9, 'img/product/sm/wute108 04.jpg', 'img/product/md/wute108 04.jpg', 'img/product/lg/wute10804.jpg'),
(NULL, 9, 'img/product/sm/wute108 05.jpg', 'img/product/md/wute108 05.jpg', 'img/product/lg/wute10805.jpg'),
(NULL, 10, 'img/product/sm/wute109 01.jpg', 'img/product/md/wute109 01.jpg', 'img/product/lg/wute10901.jpg'),
(NULL, 10, 'img/product/sm/wute109 02.jpg', 'img/product/md/wute109 02.jpg', 'img/product/lg/wute10902.jpg'),
(NULL, 10, 'img/product/sm/wute109 03.jpg', 'img/product/md/wute109 03.jpg', 'img/product/lg/wute10903.jpg'),
(NULL, 10, 'img/product/sm/wute109 04.jpg', 'img/product/md/wute109 04.jpg', 'img/product/lg/wute10904.jpg'),
(NULL, 10, 'img/product/sm/wute109 05.jpg', 'img/product/md/wute109 05.jpg', 'img/product/lg/wute10905.jpg'),
(NULL, 11, 'img/product/sm/zhi101 01.jpg', 'img/product/md/zhi101 01.jpg', 'img/product/lg/zhi10101.jpg'),
(NULL, 11, 'img/product/sm/zhi101 02.jpg', 'img/product/md/zhi101 02.jpg', 'img/product/lg/zhi10102.jpg'),
(NULL, 11, 'img/product/sm/zhi101 03.jpg', 'img/product/md/zhi101 03.jpg', 'img/product/lg/zhi10103.jpg'),
(NULL, 11, 'img/product/sm/zhi101 04.jpg', 'img/product/md/zhi101 04.jpg', 'img/product/lg/zhi10104.jpg'),
(NULL, 11, 'img/product/sm/zhi101 05.jpg', 'img/product/md/zhi101 05.jpg', 'img/product/lg/zhi10105.jpg'),
(NULL, 12, 'img/product/sm/zhi102 01.jpg', 'img/product/md/zhi102 01.jpg', 'img/product/lg/zhi10201.jpg'),
(NULL, 12, 'img/product/sm/zhi102 02.jpg', 'img/product/md/zhi102 02.jpg', 'img/product/lg/zhi10202.jpg'),
(NULL, 12, 'img/product/sm/zhi102 03.jpg', 'img/product/md/zhi102 03.jpg', 'img/product/lg/zhi10203.jpg'),
(NULL, 12, 'img/product/sm/zhi102 04.jpg', 'img/product/md/zhi102 04.jpg', 'img/product/lg/zhi10204.jpg'),
(NULL, 12, 'img/product/sm/zhi102 05.jpg', 'img/product/md/zhi102 05.jpg', 'img/product/lg/zhi10205.jpg'),
(NULL, 13, 'img/product/sm/zhi103 01.jpg', 'img/product/md/zhi103 01.jpg', 'img/product/lg/zhi10301.jpg'),
(NULL, 13, 'img/product/sm/zhi103 02.jpg', 'img/product/md/zhi103 02.jpg', 'img/product/lg/zhi10302.jpg'),
(NULL, 13, 'img/product/sm/zhi103 03.jpg', 'img/product/md/zhi103 03.jpg', 'img/product/lg/zhi10303.jpg'),
(NULL, 13, 'img/product/sm/zhi103 04.jpg', 'img/product/md/zhi103 04.jpg', 'img/product/lg/zhi10304.jpg'),
(NULL, 13, 'img/product/sm/zhi103 05.jpg', 'img/product/md/zhi103 05.jpg', 'img/product/lg/zhi10305.jpg'),
(NULL, 14, 'img/product/sm/zhi104 01.jpg', 'img/product/md/zhi104 01.jpg', 'img/product/lg/zhi10401.jpg'),
(NULL, 14, 'img/product/sm/zhi104 02.jpg', 'img/product/md/zhi104 02.jpg', 'img/product/lg/zhi10402.jpg'),
(NULL, 14, 'img/product/sm/zhi104 03.jpg', 'img/product/md/zhi104 03.jpg', 'img/product/lg/zhi10403.jpg'),
(NULL, 14, 'img/product/sm/zhi104 04.jpg', 'img/product/md/zhi104 04.jpg', 'img/product/lg/zhi10404.jpg'),
(NULL, 14, 'img/product/sm/zhi104 05.jpg', 'img/product/md/zhi104 05.jpg', 'img/product/lg/zhi10405.jpg'),
(NULL, 15, 'img/product/sm/zhi105 01.jpg', 'img/product/md/zhi105 01.jpg', 'img/product/lg/zhi10501.jpg'),
(NULL, 15, 'img/product/sm/zhi105 02.jpg', 'img/product/md/zhi105 02.jpg', 'img/product/lg/zhi10502.jpg'),
(NULL, 15, 'img/product/sm/zhi105 03.jpg', 'img/product/md/zhi105 03.jpg', 'img/product/lg/zhi10503.jpg'),
(NULL, 15, 'img/product/sm/zhi105 04.jpg', 'img/product/md/zhi105 04.jpg', 'img/product/lg/zhi10504.jpg'),
(NULL, 15, 'img/product/sm/zhi105 05.jpg', 'img/product/md/zhi105 05.jpg', 'img/product/lg/zhi10505.jpg'),
(NULL, 16, 'img/product/sm/zhi106 01.jpg', 'img/product/md/zhi106 01.jpg', 'img/product/lg/zhi10601.jpg'),
(NULL, 16, 'img/product/sm/zhi106 02.jpg', 'img/product/md/zhi106 02.jpg', 'img/product/lg/zhi10602.jpg'),
(NULL, 16, 'img/product/sm/zhi106 03.jpg', 'img/product/md/zhi106 03.jpg', 'img/product/lg/zhi10603.jpg'),
(NULL, 16, 'img/product/sm/zhi106 04.jpg', 'img/product/md/zhi106 04.jpg', 'img/product/lg/zhi10604.jpg'),
(NULL, 16, 'img/product/sm/zhi106 05.jpg', 'img/product/md/zhi106 05.jpg', 'img/product/lg/zhi10605.jpg'),
(NULL, 17, 'img/product/sm/zhi107 01.jpg', 'img/product/md/zhi107 01.jpg', 'img/product/lg/zhi10701.jpg'),
(NULL, 17, 'img/product/sm/zhi107 02.jpg', 'img/product/md/zhi107 02.jpg', 'img/product/lg/zhi10702.jpg'),
(NULL, 17, 'img/product/sm/zhi107 03.jpg', 'img/product/md/zhi107 03.jpg', 'img/product/lg/zhi10703.jpg'),
(NULL, 17, 'img/product/sm/zhi107 04.jpg', 'img/product/md/zhi107 04.jpg', 'img/product/lg/zhi10704.jpg'),
(NULL, 17, 'img/product/sm/zhi107 05.jpg', 'img/product/md/zhi107 05.jpg', 'img/product/lg/zhi10705.jpg'),
(NULL, 18, 'img/product/sm/zhi108 01.jpg', 'img/product/md/zhi108 01.jpg', 'img/product/lg/zhi10801.jpg'),
(NULL, 18, 'img/product/sm/zhi108 02.jpg', 'img/product/md/zhi108 02.jpg', 'img/product/lg/zhi10802.jpg'),
(NULL, 18, 'img/product/sm/zhi108 03.jpg', 'img/product/md/zhi108 03.jpg', 'img/product/lg/zhi10803.jpg'),
(NULL, 18, 'img/product/sm/zhi108 04.jpg', 'img/product/md/zhi108 04.jpg', 'img/product/lg/zhi10804.jpg'),
(NULL, 18, 'img/product/sm/zhi108 05.jpg', 'img/product/md/zhi108 05.jpg', 'img/product/lg/zhi10805.jpg'),
(NULL, 19, 'img/product/sm/zhi109 01.jpg', 'img/product/md/zhi109 01.jpg', 'img/product/lg/zhi10901.jpg'),
(NULL, 19, 'img/product/sm/zhi109 02.jpg', 'img/product/md/zhi109 02.jpg', 'img/product/lg/zhi10902.jpg'),
(NULL, 19, 'img/product/sm/zhi109 03.jpg', 'img/product/md/zhi109 03.jpg', 'img/product/lg/zhi10903.jpg'),
(NULL, 19, 'img/product/sm/zhi109 04.jpg', 'img/product/md/zhi109 04.jpg', 'img/product/lg/zhi10904.jpg'),
(NULL, 19, 'img/product/sm/zhi109 05.jpg', 'img/product/md/zhi109 05.jpg', 'img/product/lg/zhi10905.jpg'),
(NULL, 20, 'img/product/sm/zhi110 01.jpg', 'img/product/md/zhi110 01.jpg', 'img/product/lg/zhi11001.jpg'),
(NULL, 20, 'img/product/sm/zhi110 02.jpg', 'img/product/md/zhi110 02.jpg', 'img/product/lg/zhi11002.jpg'),
(NULL, 20, 'img/product/sm/zhi110 03.jpg', 'img/product/md/zhi110 03.jpg', 'img/product/lg/zhi11003.jpg'),
(NULL, 20, 'img/product/sm/zhi110 04.jpg', 'img/product/md/zhi110 04.jpg', 'img/product/lg/zhi11004.jpg'),
(NULL, 20, 'img/product/sm/zhi110 05.jpg', 'img/product/md/zhi110 05.jpg', 'img/product/lg/zhi11005.jpg'),
(NULL, 21, 'img/product/sm/ping101 01.jpg', 'img/product/md/ping101 01.jpg', 'img/product/lg/ping10101.jpg'),
(NULL, 21, 'img/product/sm/ping101 02.jpg', 'img/product/md/ping101 02.jpg', 'img/product/lg/ping10102.jpg'),
(NULL, 21, 'img/product/sm/ping101 03.jpg', 'img/product/md/ping101 03.jpg', 'img/product/lg/ping10103.jpg'),
(NULL, 21, 'img/product/sm/ping101 04.jpg', 'img/product/md/ping101 04.jpg', 'img/product/lg/ping10104.jpg'),
(NULL, 21, 'img/product/sm/ping101 05.jpg', 'img/product/md/ping101 05.jpg', 'img/product/lg/ping10105.jpg'),
(NULL, 22, 'img/product/sm/ping102 01.jpg', 'img/product/md/ping102 01.jpg', 'img/product/lg/ping10201.jpg'),
(NULL, 22, 'img/product/sm/ping102 02.jpg', 'img/product/md/ping102 02.jpg', 'img/product/lg/ping10202.jpg'),
(NULL, 22, 'img/product/sm/ping102 03.jpg', 'img/product/md/ping102 03.jpg', 'img/product/lg/ping10203.jpg'),
(NULL, 22, 'img/product/sm/ping102 04.jpg', 'img/product/md/ping102 04.jpg', 'img/product/lg/ping10204.jpg'),
(NULL, 22, 'img/product/sm/ping102 05.jpg', 'img/product/md/ping102 05.jpg', 'img/product/lg/ping10205.jpg'),
(NULL, 23, 'img/product/sm/ping103 01.jpg', 'img/product/md/ping103 01.jpg', 'img/product/lg/ping10301.jpg'),
(NULL, 23, 'img/product/sm/ping103 02.jpg', 'img/product/md/ping103 02.jpg', 'img/product/lg/ping10302.jpg'),
(NULL, 23, 'img/product/sm/ping103 03.jpg', 'img/product/md/ping103 03.jpg', 'img/product/lg/ping10303.jpg'),
(NULL, 23, 'img/product/sm/ping103 04.jpg', 'img/product/md/ping103 04.jpg', 'img/product/lg/ping10304.jpg'),
(NULL, 23, 'img/product/sm/ping103 05.jpg', 'img/product/md/ping103 05.jpg', 'img/product/lg/ping10305.jpg'),
(NULL, 24, 'img/product/sm/ping104 01.jpg', 'img/product/md/ping104 01.jpg', 'img/product/lg/ping10401.jpg'),
(NULL, 24, 'img/product/sm/ping104 02.jpg', 'img/product/md/ping104 02.jpg', 'img/product/lg/ping10402.jpg'),
(NULL, 24, 'img/product/sm/ping104 03.jpg', 'img/product/md/ping104 03.jpg', 'img/product/lg/ping10403.jpg'),
(NULL, 24, 'img/product/sm/ping104 04.jpg', 'img/product/md/ping104 04.jpg', 'img/product/lg/ping10404.jpg'),
(NULL, 24, 'img/product/sm/ping104 05.jpg', 'img/product/md/ping104 05.jpg', 'img/product/lg/ping10405.jpg'),
(NULL, 25, 'img/product/sm/ping105 01.jpg', 'img/product/md/ping105 01.jpg', 'img/product/lg/ping10501.jpg'),
(NULL, 25, 'img/product/sm/ping105 02.jpg', 'img/product/md/ping105 02.jpg', 'img/product/lg/ping10502.jpg'),
(NULL, 25, 'img/product/sm/ping105 03.jpg', 'img/product/md/ping105 03.jpg', 'img/product/lg/ping10503.jpg'),
(NULL, 25, 'img/product/sm/ping105 04.jpg', 'img/product/md/ping105 04.jpg', 'img/product/lg/ping10504.jpg'),
(NULL, 25, 'img/product/sm/ping105 05.jpg', 'img/product/md/ping105 05.jpg', 'img/product/lg/ping10505.jpg'),
(NULL, 26, 'img/product/sm/ping106 01.jpg', 'img/product/md/ping106 01.jpg', 'img/product/lg/ping10601.jpg'),
(NULL, 26, 'img/product/sm/ping106 02.jpg', 'img/product/md/ping106 02.jpg', 'img/product/lg/ping10602.jpg'),
(NULL, 26, 'img/product/sm/ping106 03.jpg', 'img/product/md/ping106 03.jpg', 'img/product/lg/ping10603.jpg'),
(NULL, 26, 'img/product/sm/ping106 04.jpg', 'img/product/md/ping106 04.jpg', 'img/product/lg/ping10604.jpg'),
(NULL, 26, 'img/product/sm/ping106 05.jpg', 'img/product/md/ping106 05.jpg', 'img/product/lg/ping10605.jpg'),
(NULL, 27, 'img/product/sm/ping107 01.jpg', 'img/product/md/ping107 01.jpg', 'img/product/lg/ping10701.jpg'),
(NULL, 27, 'img/product/sm/ping107 02.jpg', 'img/product/md/ping107 02.jpg', 'img/product/lg/ping10702.jpg'),
(NULL, 27, 'img/product/sm/ping107 03.jpg', 'img/product/md/ping107 03.jpg', 'img/product/lg/ping10703.jpg'),
(NULL, 27, 'img/product/sm/ping107 04.jpg', 'img/product/md/ping107 04.jpg', 'img/product/lg/ping10704.jpg'),
(NULL, 27, 'img/product/sm/ping107 05.jpg', 'img/product/md/ping107 05.jpg', 'img/product/lg/ping10705.jpg'),
(NULL, 28, 'img/product/sm/ping108 01.jpg', 'img/product/md/ping108 01.jpg', 'img/product/lg/ping10801.jpg'),
(NULL, 28, 'img/product/sm/ping108 02.jpg', 'img/product/md/ping108 02.jpg', 'img/product/lg/ping10802.jpg'),
(NULL, 28, 'img/product/sm/ping108 03.jpg', 'img/product/md/ping108 03.jpg', 'img/product/lg/ping10803.jpg'),
(NULL, 28, 'img/product/sm/ping108 04.jpg', 'img/product/md/ping108 04.jpg', 'img/product/lg/ping10804.jpg'),
(NULL, 28, 'img/product/sm/ping108 05.jpg', 'img/product/md/ping108 05.jpg', 'img/product/lg/ping10805.jpg'),
(NULL, 29, 'img/product/sm/ping109 01.jpg', 'img/product/md/ping109 01.jpg', 'img/product/lg/ping10901.jpg'),
(NULL, 29, 'img/product/sm/ping109 02.jpg', 'img/product/md/ping109 02.jpg', 'img/product/lg/ping10902.jpg'),
(NULL, 29, 'img/product/sm/ping109 03.jpg', 'img/product/md/ping109 03.jpg', 'img/product/lg/ping10903.jpg'),
(NULL, 29, 'img/product/sm/ping109 04.jpg', 'img/product/md/ping109 04.jpg', 'img/product/lg/ping10904.jpg'),
(NULL, 29, 'img/product/sm/ping109 05.jpg', 'img/product/md/ping109 05.jpg', 'img/product/lg/ping10905.jpg'),
(NULL, 30, 'img/product/sm/ping110 01.jpg', 'img/product/md/ping110 01.jpg', 'img/product/lg/ping11001.jpg'),
(NULL, 30, 'img/product/sm/ping110 02.jpg', 'img/product/md/ping110 02.jpg', 'img/product/lg/ping11002.jpg'),
(NULL, 30, 'img/product/sm/ping110 03.jpg', 'img/product/md/ping110 03.jpg', 'img/product/lg/ping11003.jpg'),
(NULL, 30, 'img/product/sm/ping110 04.jpg', 'img/product/md/ping110 04.jpg', 'img/product/lg/ping11004.jpg'),
(NULL, 30, 'img/product/sm/ping110 05.jpg', 'img/product/md/ping110 05.jpg', 'img/product/lg/ping11005.jpg'),
(NULL, 31, 'img/product/sm/vr101 01.jpg', 'img/product/md/vr101 01.jpg', 'img/product/lg/vr10101.jpg'),
(NULL, 31, 'img/product/sm/vr101 02.jpg', 'img/product/md/vr101 02.jpg', 'img/product/lg/vr10102.jpg'),
(NULL, 31, 'img/product/sm/vr101 03.jpg', 'img/product/md/vr101 03.jpg', 'img/product/lg/vr10103.jpg'),
(NULL, 31, 'img/product/sm/vr101 04.jpg', 'img/product/md/vr101 04.jpg', 'img/product/lg/vr10104.jpg'),
(NULL, 31, 'img/product/sm/vr101 05.jpg', 'img/product/md/vr101 05.jpg', 'img/product/lg/vr10105.jpg'),
(NULL, 32, 'img/product/sm/vr102 01.jpg', 'img/product/md/vr102 01.jpg', 'img/product/lg/vr10201.jpg'),
(NULL, 32, 'img/product/sm/vr102 02.jpg', 'img/product/md/vr102 02.jpg', 'img/product/lg/vr10202.jpg'),
(NULL, 32, 'img/product/sm/vr102 03.jpg', 'img/product/md/vr102 03.jpg', 'img/product/lg/vr10203.jpg'),
(NULL, 32, 'img/product/sm/vr102 04.jpg', 'img/product/md/vr102 04.jpg', 'img/product/lg/vr10204.jpg'),
(NULL, 32, 'img/product/sm/vr102 05.jpg', 'img/product/md/vr102 05.jpg', 'img/product/lg/vr10205.jpg'),
(NULL, 33, 'img/product/sm/vr103 01.jpg', 'img/product/md/vr103 01.jpg', 'img/product/lg/vr10301.jpg'),
(NULL, 33, 'img/product/sm/vr103 02.jpg', 'img/product/md/vr103 02.jpg', 'img/product/lg/vr10302.jpg'),
(NULL, 33, 'img/product/sm/vr103 03.jpg', 'img/product/md/vr103 03.jpg', 'img/product/lg/vr10303.jpg'),
(NULL, 33, 'img/product/sm/vr103 04.jpg', 'img/product/md/vr103 04.jpg', 'img/product/lg/vr10304.jpg'),
(NULL, 33, 'img/product/sm/vr103 05.jpg', 'img/product/md/vr103 05.jpg', 'img/product/lg/vr10305.jpg'),
(NULL, 34, 'img/product/sm/vr104 01.jpg', 'img/product/md/vr104 01.jpg', 'img/product/lg/vr10401.jpg'),
(NULL, 34, 'img/product/sm/vr104 02.jpg', 'img/product/md/vr104 02.jpg', 'img/product/lg/vr10402.jpg'),
(NULL, 34, 'img/product/sm/vr104 03.jpg', 'img/product/md/vr104 03.jpg', 'img/product/lg/vr10403.jpg'),
(NULL, 34, 'img/product/sm/vr104 04.jpg', 'img/product/md/vr104 04.jpg', 'img/product/lg/vr10404.jpg'),
(NULL, 34, 'img/product/sm/vr104 05.jpg', 'img/product/md/vr104 05.jpg', 'img/product/lg/vr10405.jpg'),
(NULL, 35, 'img/product/sm/vr105 01.jpg', 'img/product/md/vr105 01.jpg', 'img/product/lg/vr10501.jpg'),
(NULL, 35, 'img/product/sm/vr105 02.jpg', 'img/product/md/vr105 02.jpg', 'img/product/lg/vr10502.jpg'),
(NULL, 35, 'img/product/sm/vr105 03.jpg', 'img/product/md/vr105 03.jpg', 'img/product/lg/vr10503.jpg'),
(NULL, 35, 'img/product/sm/vr105 04.jpg', 'img/product/md/vr105 04.jpg', 'img/product/lg/vr10504.jpg'),
(NULL, 35, 'img/product/sm/vr105 05.jpg', 'img/product/md/vr105 05.jpg', 'img/product/lg/vr10505.jpg'),
(NULL, 36, 'img/product/sm/vr106 01.jpg', 'img/product/md/vr106 01.jpg', 'img/product/lg/vr10601.jpg'),
(NULL, 36, 'img/product/sm/vr106 02.jpg', 'img/product/md/vr106 02.jpg', 'img/product/lg/vr10602.jpg'),
(NULL, 36, 'img/product/sm/vr106 03.jpg', 'img/product/md/vr106 03.jpg', 'img/product/lg/vr10603.jpg'),
(NULL, 36, 'img/product/sm/vr106 04.jpg', 'img/product/md/vr106 04.jpg', 'img/product/lg/vr10604.jpg'),
(NULL, 36, 'img/product/sm/vr106 05.jpg', 'img/product/md/vr106 05.jpg', 'img/product/lg/vr10605.jpg'),
(NULL, 37, 'img/product/sm/vr107 01.jpg', 'img/product/md/vr107 01.jpg', 'img/product/lg/vr10701.jpg'),
(NULL, 37, 'img/product/sm/vr107 02.jpg', 'img/product/md/vr107 02.jpg', 'img/product/lg/vr10702.jpg'),
(NULL, 37, 'img/product/sm/vr107 03.jpg', 'img/product/md/vr107 03.jpg', 'img/product/lg/vr10703.jpg'),
(NULL, 37, 'img/product/sm/vr107 04.jpg', 'img/product/md/vr107 04.jpg', 'img/product/lg/vr10704.jpg'),
(NULL, 37, 'img/product/sm/vr107 05.jpg', 'img/product/md/vr107 05.jpg', 'img/product/lg/vr10705.jpg'),
(NULL, 38, 'img/product/sm/vr108 01.jpg', 'img/product/md/vr108 01.jpg', 'img/product/lg/vr10801.jpg'),
(NULL, 38, 'img/product/sm/vr108 02.jpg', 'img/product/md/vr108 02.jpg', 'img/product/lg/vr10802.jpg'),
(NULL, 38, 'img/product/sm/vr108 03.jpg', 'img/product/md/vr108 03.jpg', 'img/product/lg/vr10803.jpg'),
(NULL, 38, 'img/product/sm/vr108 04.jpg', 'img/product/md/vr108 04.jpg', 'img/product/lg/vr10804.jpg'),
(NULL, 38, 'img/product/sm/vr108 05.jpg', 'img/product/md/vr108 05.jpg', 'img/product/lg/vr10805.jpg'),
(NULL, 39, 'img/product/sm/vr109 01.jpg', 'img/product/md/vr109 01.jpg', 'img/product/lg/vr10901.jpg'),
(NULL, 39, 'img/product/sm/vr109 02.jpg', 'img/product/md/vr109 02.jpg', 'img/product/lg/vr10902.jpg'),
(NULL, 39, 'img/product/sm/vr109 03.jpg', 'img/product/md/vr109 03.jpg', 'img/product/lg/vr10903.jpg'),
(NULL, 39, 'img/product/sm/vr109 04.jpg', 'img/product/md/vr109 04.jpg', 'img/product/lg/vr10904.jpg'),
(NULL, 39, 'img/product/sm/vr109 05.jpg', 'img/product/md/vr109 05.jpg', 'img/product/lg/vr10905.jpg'),
(NULL, 40, 'img/product/sm/vr110 01.jpg', 'img/product/md/vr110 01.jpg', 'img/product/lg/vr11001.jpg'),
(NULL, 40, 'img/product/sm/vr110 02.jpg', 'img/product/md/vr110 02.jpg', 'img/product/lg/vr11002.jpg'),
(NULL, 40, 'img/product/sm/vr110 03.jpg', 'img/product/md/vr110 03.jpg', 'img/product/lg/vr11003.jpg'),
(NULL, 40, 'img/product/sm/vr110 04.jpg', 'img/product/md/vr110 04.jpg', 'img/product/lg/vr11004.jpg'),
(NULL, 40, 'img/product/sm/vr110 05.jpg', 'img/product/md/vr110 05.jpg', 'img/product/lg/vr11005.jpg');
/**购物车条目**/
CREATE TABLE jj_shoppingcart_item(
  iid INT PRIMARY KEY AUTO_INCREMENT,
  uid INT,      #用户编号
  lid INT,   #商品编号
  count INT,      #购买数量
  is_checked BOOLEAN #是否已勾选，确定购买
);

